PFT,obs_year,NEE,SWC,VPD,SWin,H,LE
Clear,One,657.5717569424077,0.2982653896104089,5.646765484237829,164.14784416717998,34.080128576984265,38.74766865651044
