PFT,obs_year,NEE,SWC,VPD,SWin,H,LE
Pine,Four,-995.1401879092974,0.2489339057039235,3.8970620144414636,172.47428655647562,18.41118393170662,57.74648780352112
Pine,One,-659.4660758202446,0.25763976404188765,4.627341068319385,180.34067685491559,21.308568525258725,61.52155178395856
Pine,Three,-914.5221419033032,0.17870028619731917,4.6024467853310504,178.71712329752089,24.928158559200913,55.281250761621
Pine,Two,-1013.9913865742681,0.18064428446210484,4.7918891695873285,180.00038131834498,18.682774317420662,61.82723660169806
